E,sample_mean,|E-sample_mean|,D,S^2,|D-S^2|,Me,R
3.3333333333333335,3.364,0.030666666666666398,7.777777777777778,8.141504000000035,0.36372622222225726,2.0,22
